{"start":"2022-02-18T06:27:58.625Z","end":"2022-02-18T06:28:04.752Z","capabilities":{"acceptInsecureCerts":true,"browserName":"chrome","browserVersion":"98.0.4758.82","chrome":{"chromedriverVersion":"98.0.4758.80 (7f0488e8ba0d8e019187c6325a16c29d9b7f4989-refs/branch-heads/4758@{#972})","userDataDir":"C:\\Users\\bhumika.honnaraju\\AppData\\Local\\Temp\\scoped_dir24452_1445067260"},"goog:chromeOptions":{"debuggerAddress":"localhost:55353"},"networkConnectionEnabled":false,"pageLoadStrategy":"normal","platformName":"windows","proxy":{},"setWindowRect":true,"strictFileInteractability":false,"timeouts":{"implicit":0,"pageLoad":300000,"script":30000},"unhandledPromptBehavior":"dismiss and notify","webauthn:extension:credBlob":true,"webauthn:extension:largeBlob":true,"webauthn:virtualAuthenticators":true,"sessionId":"0747f9c3b20e1e6cd617cddbb3f5c1e7"},"host":"localhost","port":9515,"baseUrl":"http://localhost","framework":"cucumber","suites":[{"name":"BorrowingCalculator test scenario","duration":133,"start":"2022-02-18T06:27:58.837Z","end":"2022-02-18T06:27:58.970Z","sessionId":"0747f9c3b20e1e6cd617cddbb3f5c1e7","tests":[{"name":"When User on Calculator page","start":"2022-02-18T06:27:58.843Z","end":"2022-02-18T06:27:58.870Z","duration":27,"state":"passed"},{"name":"Then Application type","start":"2022-02-18T06:27:58.870Z","end":"2022-02-18T06:27:58.888Z","duration":18,"state":"passed"},{"name":"Then No of Dependents","start":"2022-02-18T06:27:58.888Z","end":"2022-02-18T06:27:58.898Z","duration":10,"state":"passed"},{"name":"Then Property you would like to buy","start":"2022-02-18T06:27:58.898Z","end":"2022-02-18T06:27:58.907Z","duration":9,"state":"passed"},{"name":"Then Provide 80000 Your annual income","start":"2022-02-18T06:27:58.908Z","end":"2022-02-18T06:27:58.915Z","duration":7,"state":"passed"},{"name":"Then Provide 10000 Your annual other income","start":"2022-02-18T06:27:58.915Z","end":"2022-02-18T06:27:58.921Z","duration":6,"state":"passed"},{"name":"Then Monthly living 500","start":"2022-02-18T06:27:58.922Z","end":"2022-02-18T06:27:58.930Z","duration":8,"state":"passed"},{"name":"Then Provide 0 Current home loan monthly repayments","start":"2022-02-18T06:27:58.930Z","end":"2022-02-18T06:27:58.937Z","duration":7,"state":"passed"},{"name":"Then Provide 100 Other loan monthly repayments","start":"2022-02-18T06:27:58.937Z","end":"2022-02-18T06:27:58.944Z","duration":7,"state":"passed"},{"name":"Then Provide 100 Other monthly commitments","start":"2022-02-18T06:27:58.945Z","end":"2022-02-18T06:27:58.950Z","duration":5,"state":"passed"},{"name":"Then Provide 10000 Total credit card limits","start":"2022-02-18T06:27:58.950Z","end":"2022-02-18T06:27:58.959Z","duration":9,"state":"passed"},{"name":"Then Click on Work out how much I could borrow button","start":"2022-02-18T06:27:58.959Z","end":"2022-02-18T06:27:58.964Z","duration":5,"state":"passed"},{"name":"Then Click on Start over","start":"2022-02-18T06:27:58.964Z","end":"2022-02-18T06:27:58.968Z","duration":4,"state":"passed"}],"hooks":[{"start":"2022-02-18T06:27:58.839Z","end":"2022-02-18T06:27:58.843Z","duration":4,"title":"","associatedSuite":"0","state":"passed"},{"start":"2022-02-18T06:27:58.968Z","end":"2022-02-18T06:27:58.969Z","duration":1,"title":"","associatedSuite":"0","state":"passed"}]},{"name":"BorrowingCalculator","duration":228,"start":"2022-02-18T06:27:58.743Z","end":"2022-02-18T06:27:58.971Z","sessionId":"0747f9c3b20e1e6cd617cddbb3f5c1e7","tests":[],"hooks":[]}],"specs":["C:\\Users\\bhumika.honnaraju\\Desktop\\Bhumika\\ANZ\\WebdriverIOCucumberBDD\\features\\BorrowingCalculator.feature"],"state":{"passed":13,"failed":0,"skipped":0}}