{"start":"2022-02-14T13:07:21.291Z","end":"2022-02-14T13:07:28.285Z","capabilities":{"acceptInsecureCerts":true,"browserName":"chrome","browserVersion":"98.0.4758.80","chrome":{"chromedriverVersion":"98.0.4758.80 (7f0488e8ba0d8e019187c6325a16c29d9b7f4989-refs/branch-heads/4758@{#972})","userDataDir":"C:\\Users\\bhumika.honnaraju\\AppData\\Local\\Temp\\scoped_dir20688_1431776336"},"goog:chromeOptions":{"debuggerAddress":"localhost:53531"},"networkConnectionEnabled":false,"pageLoadStrategy":"normal","platformName":"windows","proxy":{},"setWindowRect":true,"strictFileInteractability":false,"timeouts":{"implicit":0,"pageLoad":300000,"script":30000},"unhandledPromptBehavior":"dismiss and notify","webauthn:extension:credBlob":true,"webauthn:extension:largeBlob":true,"webauthn:virtualAuthenticators":true,"sessionId":"68f86787d6d3a06bc0704da7c9459deb"},"host":"localhost","port":9515,"baseUrl":"http://localhost","framework":"cucumber","suites":[{"name":"BorrowingCalculator test scenario","duration":124,"start":"2022-02-14T13:07:21.521Z","end":"2022-02-14T13:07:21.645Z","sessionId":"68f86787d6d3a06bc0704da7c9459deb","tests":[{"name":"When User on Calculator page","start":"2022-02-14T13:07:21.527Z","end":"2022-02-14T13:07:21.554Z","duration":27,"state":"passed"},{"name":"Then Application type","start":"2022-02-14T13:07:21.555Z","end":"2022-02-14T13:07:21.565Z","duration":10,"state":"passed"},{"name":"Then No of Dependents","start":"2022-02-14T13:07:21.566Z","end":"2022-02-14T13:07:21.574Z","duration":8,"state":"passed"},{"name":"Then Property you would like to buy","start":"2022-02-14T13:07:21.574Z","end":"2022-02-14T13:07:21.581Z","duration":7,"state":"passed"},{"name":"Then Provide 80000 Your annual income","start":"2022-02-14T13:07:21.581Z","end":"2022-02-14T13:07:21.588Z","duration":7,"state":"passed"},{"name":"Then Provide 10000 Your annual other income","start":"2022-02-14T13:07:21.588Z","end":"2022-02-14T13:07:21.595Z","duration":7,"state":"passed"},{"name":"Then Monthly living 500","start":"2022-02-14T13:07:21.595Z","end":"2022-02-14T13:07:21.602Z","duration":7,"state":"passed"},{"name":"Then Provide 0 Current home loan monthly repayments","start":"2022-02-14T13:07:21.602Z","end":"2022-02-14T13:07:21.612Z","duration":10,"state":"passed"},{"name":"Then Provide 100 Other loan monthly repayments","start":"2022-02-14T13:07:21.613Z","end":"2022-02-14T13:07:21.620Z","duration":7,"state":"passed"},{"name":"Then Provide 100 Other monthly commitments","start":"2022-02-14T13:07:21.620Z","end":"2022-02-14T13:07:21.627Z","duration":7,"state":"passed"},{"name":"Then Provide 10000 Total credit card limits","start":"2022-02-14T13:07:21.627Z","end":"2022-02-14T13:07:21.633Z","duration":6,"state":"passed"},{"name":"Then Click on Work out how much I could borrow button","start":"2022-02-14T13:07:21.633Z","end":"2022-02-14T13:07:21.638Z","duration":5,"state":"passed"},{"name":"Then Click on Start over","start":"2022-02-14T13:07:21.638Z","end":"2022-02-14T13:07:21.643Z","duration":5,"state":"passed"}],"hooks":[{"start":"2022-02-14T13:07:21.523Z","end":"2022-02-14T13:07:21.527Z","duration":4,"title":"","associatedSuite":"0","state":"passed"},{"start":"2022-02-14T13:07:21.643Z","end":"2022-02-14T13:07:21.644Z","duration":1,"title":"","associatedSuite":"0","state":"passed"}]},{"name":"BorrowingCalculator","duration":239,"start":"2022-02-14T13:07:21.407Z","end":"2022-02-14T13:07:21.646Z","sessionId":"68f86787d6d3a06bc0704da7c9459deb","tests":[],"hooks":[]}],"specs":["C:\\Users\\bhumika.honnaraju\\Desktop\\Bhumika\\ANZ\\WebdriverIOCucumberBDD\\features\\BorrowingCalculator.feature"],"state":{"passed":13,"failed":0,"skipped":0}}